{
    "Best Score": 0.10000000000000003,
    "Parameters": {
        "mean_diameter_um": 9.312681235343515,
        "geo_std_dev": 1.2930518865849538,
        "q_charges": 0,
        "eddy_diff": 3.1587697301725866e-06,
        "e_field_y": 368.6899456286716,
        "growth_rate": 0.08777711943411784
    }
}