{
    "Best Score": 0.9,
    "Parameters": {
        "mean_diameter_um": 6.5172380205474365,
        "geo_std_dev": 1.5706591167333321,
        "q_charges": 9
    }
}