{
    "Best Score": -1.0,
    "Parameters": {
        "mean_diameter_um": 2.419950975815391,
        "geo_std_dev": 2.9272289900513337,
        "q_charges": 4,
        "eddy_diff": 9.813409259669727e-05,
        "e_field_y": -487.6889739464306,
        "growth_rate": 0.034500531261557325
    }
}