{
    "Best Score": 0.39999999999999997,
    "Parameters": {
        "mean_diameter_um": 0.8717391529641764,
        "geo_std_dev": 1.165017013086653,
        "q_charges": 1
    }
}