{
    "Best Score": 0.3,
    "Parameters": {
        "mean_diameter_um": 2.923384226592672,
        "geo_std_dev": 2.9446258327423855,
        "q_charges": 5
    }
}