{
    "Best Score": 0.2,
    "Parameters": {
        "mean_diameter_um": 9.14725022380634,
        "geo_std_dev": 1.696769941553115,
        "q_charges": 6
    }
}