{
    "Best Score": 0.7,
    "Parameters": {
        "mean_diameter_um": 1.425803304178507,
        "geo_std_dev": 2.275904847658719,
        "q_charges": 7
    }
}