{
    "Best Score": 0.3,
    "Parameters": {
        "mean_diameter_um": 9.95353935466372,
        "geo_std_dev": 2.6483875349787747,
        "q_charges": 4
    }
}