{
    "Best Score": 1.0,
    "Parameters": {
        "mean_diameter_um": 7.282218234234033,
        "geo_std_dev": 1.6588210007424107,
        "q_charges": 4
    }
}