{
    "Best Score": 0.39999999999999997,
    "Parameters": {
        "mean_diameter_um": 4.298474256144176,
        "geo_std_dev": 2.2992571798865415,
        "q_charges": 4
    }
}