{
    "Best Score": 0.30000000000000004,
    "Parameters": {
        "mean_diameter_um": 0.2666041260630595,
        "geo_std_dev": 2.9108938713313224,
        "q_charges": 2
    }
}