{
    "Best Score": 0.5,
    "Parameters": {
        "mean_diameter_um": 5.531178886364608,
        "geo_std_dev": 2.3716925831341027,
        "q_charges": 7
    }
}