{
    "Best Score": 0.3,
    "Parameters": {
        "mean_diameter_um": 6.720171841452131,
        "geo_std_dev": 2.3098026250258736,
        "q_charges": 5
    }
}