{
    "Best Score": 0.30000000000000004,
    "Parameters": {
        "mean_diameter_um": 1.4045410242815457,
        "geo_std_dev": 1.5816482627531405,
        "q_charges": 1
    }
}