{
    "Best Score": -0.10000000000000003,
    "Parameters": {
        "mean_diameter_um": 1.617854035327682,
        "geo_std_dev": 1.3180531895265843,
        "q_charges": 1
    }
}